Date,Open,High,Low,Close,Volume,Dividends,Stock Splits
2022-01-03 00:00:00+00:00,1.1373846530914307,1.1375917196273804,1.1285407543182373,1.1373459100723267,0,0.0,0.0
2022-01-04 00:00:00+00:00,1.1301988363265991,1.1323001384735107,1.1273448467254639,1.1302244663238525,0,0.0,0.0
2022-01-05 00:00:00+00:00,1.1285407543182373,1.1345586776733398,1.1277644634246826,1.1283625364303589,0,0.0,0.0
2022-01-06 00:00:00+00:00,1.1312217712402344,1.1330673694610596,1.1285535097122192,1.1313496828079224,0,0.0,0.0
2022-01-07 00:00:00+00:00,1.129586100578308,1.1359764337539673,1.1290504932403564,1.1296881437301636,0,0.0,0.0
2022-01-10 00:00:00+00:00,1.135344386100769,1.1359764337539673,1.1288337707519531,1.1353960037231445,0,0.0,0.0
2022-01-11 00:00:00+00:00,1.1332728862762451,1.136899709701538,1.1315544843673706,1.1330417394638062,0,0.0,0.0
2022-01-12 00:00:00+00:00,1.1370097398757935,1.1433000564575195,1.1355764865875244,1.1366478204727173,0,0.0,0.0
2022-01-13 00:00:00+00:00,1.1439814567565918,1.1479079723358154,1.1436413526535034,1.144164800643921,0,0.0,0.0
2022-01-14 00:00:00+00:00,1.14565908908844,1.148369312286377,1.1410053968429565,1.1457115411758423,0,0.0,0.0
2022-01-17 00:00:00+00:00,1.1412137746810913,1.143458366394043,1.1393154859542847,1.1410704851150513,0,0.0,0.0
2022-01-18 00:00:00+00:00,1.141291856765747,1.1423349380493164,1.1329647302627563,1.1410574913024902,0,0.0,0.0
2022-01-19 00:00:00+00:00,1.1330032348632812,1.1356796026229858,1.1319515705108643,1.1329647302627563,0,0.0,0.0
2022-01-20 00:00:00+00:00,1.134352684020996,1.136893391609192,1.1330161094665527,1.1343399286270142,0,0.0,0.0
2022-01-21 00:00:00+00:00,1.1315417289733887,1.1361054182052612,1.1302244663238525,1.1313753128051758,0,0.0,0.0
2022-01-24 00:00:00+00:00,1.1340954303741455,1.1340954303741455,1.1291396617889404,1.1341469287872314,0,0.0,0.0
2022-01-25 00:00:00+00:00,1.132387399673462,1.132502794265747,1.1266844272613525,1.1324130296707153,0,0.0,0.0
2022-01-26 00:00:00+00:00,1.130352258682251,1.1313496828079224,1.1272051334381104,1.130454421043396,0,0.0,0.0
2022-01-27 00:00:00+00:00,1.1242270469665527,1.12447988986969,1.1133501529693604,1.1243535280227661,0,0.0,0.0
2022-01-28 00:00:00+00:00,1.1146159172058105,1.1170064210891724,1.1123347282409668,1.1147029399871826,0,0.0,0.0
2022-01-31 00:00:00+00:00,1.115138053894043,1.121692419052124,1.114504098892212,1.1152374744415283,0,0.0,0.0
2022-02-01 00:00:00+00:00,1.12291419506073,1.1279042959213257,1.1222084760665894,1.12296462059021,0,0.0,0.0
2022-02-02 00:00:00+00:00,1.1273066997528076,1.132939100265503,1.126697063446045,1.1273956298828125,0,0.0,0.0
2022-02-03 00:00:00+00:00,1.1299946308135986,1.1450687646865845,1.1272051334381104,1.1299946308135986,0,0.0,0.0
2022-02-04 00:00:00+00:00,1.1435105800628662,1.148369312286377,1.1413440704345703,1.14357590675354,0,0.0,0.0
2022-02-07 00:00:00+00:00,1.1454622745513916,1.1460003852844238,1.1416698694229126,1.145514726638794,0,0.0,0.0
2022-02-08 00:00:00+00:00,1.144086241722107,1.145081877708435,1.1397050619125366,1.1442956924438477,0,0.0,0.0
2022-02-09 00:00:00+00:00,1.1421130895614624,1.1447004079818726,1.1403288841247559,1.142126202583313,0,0.0,0.0
2022-02-10 00:00:00+00:00,1.142126202583313,1.1494252681732178,1.1380836963653564,1.142152190208435,0,0.0,0.0
2022-02-11 00:00:00+00:00,1.1411746740341187,1.1419005393981934,1.1371259689331055,1.1415525674819946,0,0.0,0.0
2022-02-14 00:00:00+00:00,1.1365832090377808,1.136893391609192,1.1292799711227417,1.1365057229995728,0,0.0,0.0
2022-02-15 00:00:00+00:00,1.1306078433990479,1.1368803977966309,1.1305822134017944,1.1306334733963013,0,0.0,0.0
2022-02-16 00:00:00+00:00,1.135563611984253,1.1393154859542847,1.1345458030700684,1.1356796026229858,0,0.0,0.0
2022-02-17 00:00:00+00:00,1.1373329162597656,1.1386927366256714,1.13275945186615,1.1375269889831543,0,0.0,0.0
2022-02-18 00:00:00+00:00,1.1363893747329712,1.137669324874878,1.131580114364624,1.1366478204727173,0,0.0,0.0
2022-02-21 00:00:00+00:00,1.131733775138855,1.1385631561279297,1.1314136981964111,1.131721019744873,0,0.0,0.0
2022-02-22 00:00:00+00:00,1.1309658288955688,1.1363766193389893,1.1289101839065552,1.1309658288955688,0,0.0,0.0
2022-02-23 00:00:00+00:00,1.1330546140670776,1.1359764337539673,1.1307356357574463,1.13291335105896,0,0.0,0.0
2022-02-24 00:00:00+00:00,1.1305949687957764,1.1305949687957764,1.1110494136810303,1.1305694580078125,0,0.0,0.0
2022-02-25 00:00:00+00:00,1.1190814971923828,1.1266082525253296,1.1168068647384644,1.11906898021698,0,0.0,0.0
2022-02-28 00:00:00+00:00,1.118105411529541,1.1244546175003052,1.1143178939819336,1.118105411529541,0,0.0,0.0
2022-03-01 00:00:00+00:00,1.1214659214019775,1.1232168674468994,1.1102105379104614,1.1215918064117432,0,0.0,0.0
2022-03-02 00:00:00+00:00,1.1131023168563843,1.1141936779022217,1.1058521270751953,1.1132758855819702,0,0.0,0.0
2022-03-03 00:00:00+00:00,1.1113580465316772,1.111605167388916,1.1039842367172241,1.1112345457077026,0,0.0,0.0
2022-03-04 00:00:00+00:00,1.1069294214248657,1.1069294214248657,1.0890042781829834,1.1066844463348389,0,0.0,0.0
2022-03-07 00:00:00+00:00,1.087393879890442,1.0930753946304321,1.0808590650558472,1.087453007698059,0,0.0,0.0
2022-03-08 00:00:00+00:00,1.08695650100708,1.0922157764434814,1.0851165056228638,1.0865312814712524,0,0.0,0.0
2022-03-09 00:00:00+00:00,1.0900845527648926,1.1091147661209106,1.0897876024246216,1.0898232460021973,0,0.0,0.0
2022-03-10 00:00:00+00:00,1.1073338985443115,1.1116174459457397,1.0982131958007812,1.107382893562317,0,0.0,0.0
2022-03-11 00:00:00+00:00,1.1012123823165894,1.104191541671753,1.0934697389602661,1.1013944149017334,0,0.0,0.0
2022-03-14 00:00:00+00:00,1.0932546854019165,1.0986958742141724,1.0902509689331055,1.093206763267517,0,0.0,0.0
2022-03-15 00:00:00+00:00,1.094534993171692,1.1018311977386475,1.093948245048523,1.0943193435668945,0,0.0,0.0
2022-03-16 00:00:00+00:00,1.0967316627502441,1.1038745641708374,1.0955781936645508,1.0969363451004028,0,0.0,0.0
2022-03-17 00:00:00+00:00,1.102244257926941,1.1110494136810303,1.1021226644515991,1.1021955013275146,0,0.0,0.0
2022-03-18 00:00:00+00:00,1.1098902225494385,1.1117905378341675,1.1005337238311768,1.1099518537521362,0,0.0,0.0
2022-03-21 00:00:00+00:00,1.1042159795761108,1.1066721677780151,1.1026087999343872,1.1043134927749634,0,0.0,0.0
2022-03-22 00:00:00+00:00,1.1016370058059692,1.1045695543289185,1.0961546897888184,1.101722002029419,0,0.0,0.0
2022-03-23 00:00:00+00:00,1.1030100584030151,1.1042001247406006,1.096575379371643,1.1029735803604126,0,0.0,0.0
2022-03-24 00:00:00+00:00,1.1006306409835815,1.101333737373352,1.0969964265823364,1.1006306409835815,0,0.0,0.0
2022-03-25 00:00:00+00:00,1.100897192955017,1.1038745641708374,1.0982975959777832,1.1009578704833984,0,0.0,0.0
2022-03-28 00:00:00+01:00,1.098189115524292,1.0996744632720947,1.094534993171692,1.098189115524292,0,0.0,0.0
2022-03-29 00:00:00+01:00,1.0993843078613281,1.1136353015899658,1.097044587135315,1.0993843078613281,0,0.0,0.0
2022-03-30 00:00:00+01:00,1.1091516017913818,1.1170001029968262,1.108905553817749,1.1091516017913818,0,0.0,0.0
2022-03-31 00:00:00+01:00,1.1161835193634033,1.1183055639266968,1.1074001789093018,1.1161835193634033,0,0.0,0.0
2022-04-01 00:00:00+01:00,1.1072357892990112,1.1075423955917358,1.1029735803604126,1.1072357892990112,0,0.0,0.0
2022-04-04 00:00:00+01:00,1.1047282218933105,1.1057054996490479,1.0980926752090454,1.1047282218933105,0,0.0,0.0
2022-04-05 00:00:00+01:00,1.0975863933563232,1.0991426706314087,1.092132329940796,1.0975863933563232,0,0.0,0.0
2022-04-06 00:00:00+01:00,1.090643286705017,1.0937448740005493,1.0875712633132935,1.090643286705017,0,0.0,0.0
2022-04-07 00:00:00+01:00,1.0898232460021973,1.0935057401657104,1.08672034740448,1.0898232460021973,0,0.0,0.0
2022-04-08 00:00:00+01:00,1.0864840745925903,1.0891940593719482,1.0836936235427856,1.0864840745925903,0,0.0,0.0
2022-04-11 00:00:00+01:00,1.0884946584701538,1.0932785272598267,1.0874648094177246,1.0884946584701538,0,0.0,0.0
2022-04-12 00:00:00+01:00,1.0877959728240967,1.0903936624526978,1.0851871967315674,1.0877959728240967,0,0.0,0.0
2022-04-13 00:00:00+01:00,1.0826143026351929,1.0873819589614868,1.0810343027114868,1.0826143026351929,0,0.0,0.0
2022-04-14 00:00:00+01:00,1.089656949043274,1.0922634601593018,1.0758588314056396,1.089656949043274,0,0.0,0.0
2022-04-15 00:00:00+01:00,1.0820988416671753,1.0823447704315186,1.0798786878585815,1.0820988416671753,0,0.0,0.0
2022-04-18 00:00:00+01:00,1.081525444984436,1.081583857536316,1.0783647298812866,1.081525444984436,0,0.0,0.0
2022-04-19 00:00:00+01:00,1.0781787633895874,1.081209659576416,1.0761945247650146,1.0781787633895874,0,0.0,0.0
2022-04-20 00:00:00+01:00,1.0794472694396973,1.08672034740448,1.0784810781478882,1.0794472694396973,0,0.0,0.0
2022-04-21 00:00:00+01:00,1.0849870443344116,1.0934697389602661,1.082438588142395,1.0849870443344116,0,0.0,0.0
2022-04-22 00:00:00+01:00,1.0835175514221191,1.0854227542877197,1.077284336090088,1.0835175514221191,0,0.0,0.0
2022-04-25 00:00:00+01:00,1.0811045169830322,1.081221342086792,1.0700336694717407,1.0811045169830322,0,0.0,0.0
2022-04-26 00:00:00+01:00,1.0714209079742432,1.0738831758499146,1.0644639730453491,1.0714209079742432,0,0.0,0.0
2022-04-27 00:00:00+01:00,1.0643619298934937,1.0656436681747437,1.0516685247421265,1.0643619298934937,0,0.0,0.0
2022-04-28 00:00:00+01:00,1.0555092096328735,1.056222677230835,1.0472848415374756,1.0555092096328735,0,0.0,0.0
2022-04-29 00:00:00+01:00,1.0504201650619507,1.0590416193008423,1.0505415201187134,1.0504201650619507,0,0.0,0.0
2022-05-02 00:00:00+01:00,1.0535964965820312,1.056769609451294,1.0503981113433838,1.0535964965820312,0,0.0,0.0
2022-05-03 00:00:00+01:00,1.0509058237075806,1.0577645301818848,1.0494390726089478,1.0509058237075806,0,0.0,0.0
2022-05-04 00:00:00+01:00,1.0528532266616821,1.0566357374191284,1.0506519079208374,1.0528532266616821,0,0.0,0.0
2022-05-05 00:00:00+01:00,1.0622477531433105,1.0639996528625488,1.0504642724990845,1.0622477531433105,0,0.0,0.0
2022-05-06 00:00:00+01:00,1.0539740324020386,1.0598385334014893,1.048536777496338,1.0539740324020386,0,0.0,0.0
2022-05-09 00:00:00+01:00,1.053219199180603,1.0572165250778198,1.0496593713760376,1.053219199180603,0,0.0,0.0
2022-05-10 00:00:00+01:00,1.056579828262329,1.0585819482803345,1.0527312755584717,1.056579828262329,0,0.0,0.0
2022-05-11 00:00:00+01:00,1.0532968044281006,1.0575631856918335,1.0507071018218994,1.0532968044281006,0,0.0,0.0
2022-05-12 00:00:00+01:00,1.05124831199646,1.0529751777648926,1.0373551845550537,1.05124831199646,0,0.0,0.0
2022-05-13 00:00:00+01:00,1.0379581451416016,1.041938066482544,1.0351966619491577,1.0379581451416016,0,0.0,0.0
2022-05-16 00:00:00+01:00,1.0400632619857788,1.0437977313995361,1.0391337871551514,1.0400632619857788,0,0.0,0.0
2022-05-17 00:00:00+01:00,1.0438958406448364,1.055375576019287,1.0432424545288086,1.0438958406448364,0,0.0,0.0
2022-05-18 00:00:00+01:00,1.0547856092453003,1.0564124584197998,1.0492409467697144,1.0547856092453003,0,0.0,0.0
2022-05-19 00:00:00+01:00,1.0472739934921265,1.0598047971725464,1.0466053485870361,1.0472739934921265,0,0.0,0.0
2022-05-20 00:00:00+01:00,1.057898759841919,1.05988347530365,1.0541073083877563,1.057898759841919,0,0.0,0.0
2022-05-23 00:00:00+01:00,1.0569819211959839,1.069027066230774,1.0568702220916748,1.0569819211959839,0,0.0,0.0
2022-05-24 00:00:00+01:00,1.0682048797607422,1.0746333599090576,1.0662003755569458,1.0682048797607422,0,0.0,0.0
2022-05-25 00:00:00+01:00,1.0736525058746338,1.0736525058746338,1.064407229423523,1.0736525058746338,0,0.0,0.0
2022-05-26 00:00:00+01:00,1.0686614513397217,1.0728693008422852,1.0664504766464233,1.0686614513397217,0,0.0,0.0
2022-05-27 00:00:00+01:00,1.0732953548431396,1.0765074491500854,1.0698047876358032,1.0732953548431396,0,0.0,0.0
2022-05-30 00:00:00+01:00,1.0731456279754639,1.078515887260437,1.0727427005767822,1.0731456279754639,0,0.0,0.0
2022-05-31 00:00:00+01:00,1.0773539543151855,1.0774933099746704,1.068216323852539,1.0773539543151855,0,0.0,0.0
2022-06-01 00:00:00+01:00,1.0734105110168457,1.0736640691757202,1.063173770904541,1.0734105110168457,0,0.0,0.0
2022-06-02 00:00:00+01:00,1.0654165744781494,1.0738486051559448,1.064565896987915,1.0654165744781494,0,0.0,0.0
2022-06-03 00:00:00+01:00,1.0751069784164429,1.0765421390533447,1.0706638097763062,1.0751069784164429,0,0.0,0.0
2022-06-06 00:00:00+01:00,1.0726046562194824,1.0752688646316528,1.0686043500900269,1.0726046562194824,0,0.0,0.0
2022-06-07 00:00:00+01:00,1.0691413879394531,1.0708931684494019,1.0652804374694824,1.0691413879394531,0,0.0,0.0
2022-06-08 00:00:00+01:00,1.0698620080947876,1.0748296976089478,1.0673270225524902,1.0698620080947876,0,0.0,0.0
2022-06-09 00:00:00+01:00,1.071765422821045,1.0770059823989868,1.0647132396697998,1.071765422821045,0,0.0,0.0
2022-06-10 00:00:00+01:00,1.0619205236434937,1.0642147064208984,1.0507733821868896,1.0619205236434937,0,0.0,0.0
2022-06-13 00:00:00+01:00,1.0489987134933472,1.0497585535049438,1.041905403137207,1.0489987134933472,0,0.0,0.0
2022-06-14 00:00:00+01:00,1.0415147542953491,1.0482399463653564,1.0398253202438354,1.0415147542953491,0,0.0,0.0
2022-06-15 00:00:00+01:00,1.0440592765808105,1.0507181882858276,1.0386265516281128,1.0440592765808105,0,0.0,0.0
2022-06-16 00:00:00+01:00,1.0456204414367676,1.0530306100845337,1.0382598638534546,1.0456204414367676,0,0.0,0.0
2022-06-17 00:00:00+01:00,1.0546854734420776,1.0551751852035522,1.0445609092712402,1.0546854734420776,0,0.0,0.0
2022-06-20 00:00:00+01:00,1.049141764640808,1.0545185804367065,1.048635721206665,1.049141764640808,0,0.0,0.0
2022-06-21 00:00:00+01:00,1.0520778894424438,1.058189868927002,1.0514252185821533,1.0520778894424438,0,0.0,0.0
2022-06-22 00:00:00+01:00,1.053263545036316,1.0602879524230957,1.0471861362457275,1.053263545036316,0,0.0,0.0
2022-06-23 00:00:00+01:00,1.0564124584197998,1.058066725730896,1.0484488010406494,1.0564124584197998,0,0.0,0.0
2022-06-24 00:00:00+01:00,1.052011489868164,1.0569148063659668,1.0513699054718018,1.052011489868164,0,0.0,0.0
2022-06-27 00:00:00+01:00,1.0566133260726929,1.0614246129989624,1.0550860166549683,1.0566133260726929,0,0.0,0.0
2022-06-28 00:00:00+01:00,1.0580891370773315,1.0605015754699707,1.0505746603012085,1.0580891370773315,0,0.0,0.0
2022-06-29 00:00:00+01:00,1.0523545742034912,1.053629755973816,1.0468025207519531,1.0523545742034912,0,0.0,0.0
2022-06-30 00:00:00+01:00,1.04465913772583,1.047877550125122,1.0383893251419067,1.04465913772583,0,0.0,0.0
2022-07-01 00:00:00+01:00,1.0477677583694458,1.0477896928787231,1.036989450454712,1.0477677583694458,0,0.0,0.0
2022-07-04 00:00:00+01:00,1.0433948040008545,1.0463534593582153,1.041807770729065,1.0433948040008545,0,0.0,0.0
2022-07-05 00:00:00+01:00,1.0433186292648315,1.0448557138442993,1.0237300395965576,1.0433186292648315,0,0.0,0.0
2022-07-06 00:00:00+01:00,1.0257673263549805,1.0273902416229248,1.0162187814712524,1.0257673263549805,0,0.0,0.0
2022-07-07 00:00:00+01:00,1.0186411142349243,1.0219202041625977,1.015331506729126,1.0186411142349243,0,0.0,0.0
2022-07-08 00:00:00+01:00,1.0169836282730103,1.0191082954406738,1.007973074913025,1.0169836282730103,0,0.0,0.0
2022-07-11 00:00:00+01:00,1.0166114568710327,1.0167768001556396,1.0054292678833008,1.0166114568710327,0,0.0,0.0
2022-07-12 00:00:00+01:00,1.004752516746521,1.007384181022644,1.0001100301742554,1.004752516746521,0,0.0,0.0
2022-07-13 00:00:00+01:00,1.0033109188079834,1.011623501777649,0.9998899698257446,1.0033109188079834,0,0.0,0.0
2022-07-14 00:00:00+01:00,1.0032706260681152,1.0049240589141846,0.9953616261482239,1.0032706260681152,0,0.0,0.0
2022-07-15 00:00:00+01:00,1.0025665760040283,1.009795069694519,1.0010610818862915,1.0025665760040283,0,0.0,0.0
2022-07-18 00:00:00+01:00,1.009631872177124,1.0198878049850464,1.008237361907959,1.009631872177124,0,0.0,0.0
2022-07-19 00:00:00+01:00,1.0145177841186523,1.0268205404281616,1.0125659704208374,1.0145177841186523,0,0.0,0.0
2022-07-20 00:00:00+01:00,1.0231330394744873,1.0271897315979004,1.0175942182540894,1.0231330394744873,0,0.0,0.0
2022-07-21 00:00:00+01:00,1.0182781219482422,1.0275379419326782,1.016311764717102,1.0182781219482422,0,0.0,0.0
2022-07-22 00:00:00+01:00,1.0221081972122192,1.025514841079712,1.0133970975875854,1.0221081972122192,0,0.0,0.0
2022-07-25 00:00:00+01:00,1.0200231075286865,1.0256409645080566,1.0180604457855225,1.0200231075286865,0,0.0,0.0
2022-07-26 00:00:00+01:00,1.022494912147522,1.0249052047729492,1.011398434638977,1.022494912147522,0,0.0,0.0
2022-07-27 00:00:00+01:00,1.0129557847976685,1.0171905755996704,1.0107442140579224,1.0129557847976685,0,0.0,0.0
2022-07-28 00:00:00+01:00,1.0209290981292725,1.0233110189437866,1.0115723609924316,1.0209290981292725,0,0.0,0.0
2022-07-29 00:00:00+01:00,1.0192328691482544,1.0253781080245972,1.014857530593872,1.0192328691482544,0,0.0,0.0
2022-08-01 00:00:00+01:00,1.0208247900009155,1.0277491807937622,1.0209603309631348,1.0208247900009155,0,0.0,0.0
2022-08-02 00:00:00+01:00,1.0261356830596924,1.0293148756027222,1.0183714628219604,1.0261356830596924,0,0.0,0.0
2022-08-03 00:00:00+01:00,1.015568733215332,1.020762324333191,1.0123199224472046,1.015568733215332,0,0.0,0.0
2022-08-04 00:00:00+01:00,1.015764594078064,1.0232481956481934,1.0155996084213257,1.015764594078064,0,0.0,0.0
2022-08-05 00:00:00+01:00,1.024779200553894,1.0249052047729492,1.014363408088684,1.024779200553894,0,0.0,0.0
2022-08-08 00:00:00+01:00,1.0170871019363403,1.0221813917160034,1.0160020589828491,1.0170871019363403,0,0.0,0.0
2022-08-09 00:00:00+01:00,1.0197629928588867,1.0246951580047607,1.0189213752746582,1.0197629928588867,0,0.0,0.0
2022-08-10 00:00:00+01:00,1.0208144187927246,1.0369141101837158,1.0203040838241577,1.0208144187927246,0,0.0,0.0
2022-08-11 00:00:00+01:00,1.0300782918930054,1.036591649055481,1.0276330709457397,1.0300782918930054,0,0.0,0.0
2022-08-12 00:00:00+01:00,1.0316723585128784,1.0327378511428833,1.0239607095718384,1.0316723585128784,0,0.0,0.0
2022-08-15 00:00:00+01:00,1.0256409645080566,1.0267151594161987,1.0182262659072876,1.0256409645080566,0,0.0,0.0
2022-08-16 00:00:00+01:00,1.0161981582641602,1.019440770149231,1.0123404264450073,1.0161981582641602,0,0.0,0.0
2022-08-17 00:00:00+01:00,1.0170663595199585,1.019783854484558,1.0148060321807861,1.0170663595199585,0,0.0,0.0
2022-08-18 00:00:00+01:00,1.0180189609527588,1.0193679332733154,1.0113166570663452,1.0180189609527588,0,0.0,0.0
2022-08-19 00:00:00+01:00,1.0089900493621826,1.011224627494812,1.003623127937317,1.0089900493621826,0,0.0,0.0
2022-08-22 00:00:00+01:00,1.0035223960876465,1.0048232078552246,0.99277263879776,1.0035223960876465,0,0.0,0.0
2022-08-23 00:00:00+01:00,0.9939467906951904,1.0019036531448364,0.9903146624565125,0.9939467906951904,0,0.0,0.0
2022-08-24 00:00:00+01:00,0.9966909885406494,0.9998200535774231,0.9911981225013733,0.9966909885406494,0,0.0,0.0
2022-08-25 00:00:00+01:00,0.9969095587730408,1.0030593872070312,0.995678722858429,0.9969095587730408,0,0.0,0.0
2022-08-26 00:00:00+01:00,0.9971283078193665,1.0088272094726562,0.9947279095649719,0.9971283078193665,0,0.0,0.0
2022-08-29 00:00:00+01:00,0.993867814540863,1.0031095743179321,0.9914930462837219,0.993867814540863,0,0.0,0.0
2022-08-30 00:00:00+01:00,1.0014019012451172,1.0052272081375122,0.998342752456665,1.0014019012451172,0,0.0,0.0
2022-08-31 00:00:00+01:00,1.0025062561035156,1.0077394247055054,0.9971680045127869,1.0025062561035156,0,0.0,0.0
2022-09-01 00:00:00+01:00,1.003905177116394,1.0045808553695679,0.9917388558387756,1.003905177116394,0,0.0,0.0
2022-09-02 00:00:00+01:00,0.995232880115509,1.0033310651779175,0.9951239228248596,0.995232880115509,0,0.0,0.0
2022-09-05 00:00:00+01:00,0.9909427762031555,0.9943521022796631,0.9880836606025696,0.9909427762031555,0,0.0,0.0
2022-09-06 00:00:00+01:00,0.9952229857444763,0.9985321760177612,0.9865143895149231,0.9952229857444763,0,0.0,0.0
2022-09-07 00:00:00+01:00,0.9897951483726501,0.9955201148986816,0.9877811670303345,0.9897951483726501,0,0.0,0.0
2022-09-08 00:00:00+01:00,0.9995701909065247,1.00290846824646,0.9933445453643799,0.9995701909065247,0,0.0,0.0
2022-09-09 00:00:00+01:00,1.0012015104293823,1.011224627494812,1.000930905342102,1.0012015104293823,0,0.0,0.0
2022-09-12 00:00:00+01:00,1.0071406364440918,1.0196797847747803,1.0064716339111328,1.0071406364440918,0,0.0,0.0
2022-09-13 00:00:00+01:00,1.0129557847976685,1.018744945526123,0.9995802044868469,1.0129557847976685,0,0.0,0.0
2022-09-14 00:00:00+01:00,0.9982032775878906,1.0022751092910767,0.9963633418083191,0.9982032775878906,0,0.0,0.0
2022-09-15 00:00:00+01:00,0.9984025359153748,1.0017931461334229,0.9957482218742371,0.9984025359153748,0,0.0,0.0
2022-09-16 00:00:00+01:00,0.9988313317298889,1.0035626888275146,0.994579553604126,0.9988313317298889,0,0.0,0.0
2022-09-19 00:00:00+01:00,1.002234935760498,1.002807855606079,0.9966810345649719,1.002234935760498,0,0.0,0.0
2022-09-20 00:00:00+01:00,1.0029587745666504,1.0050251483917236,0.9957084655761719,1.0029587745666504,0,0.0,0.0
2022-09-21 00:00:00+01:00,0.997078537940979,0.9974067807197571,0.9869135022163391,0.997078537940979,0,0.0,0.0
2022-09-22 00:00:00+01:00,0.983071506023407,0.9906188249588013,0.9811038970947266,0.983071506023407,0,0.0,0.0
2022-09-23 00:00:00+01:00,0.9841550588607788,0.9852216839790344,0.9703933596611023,0.9841550588607788,0,0.0,0.0
2022-09-26 00:00:00+01:00,0.968992292881012,0.9699885249137878,0.9582307934761047,0.968992292881012,0,0.0,0.0
2022-09-27 00:00:00+01:00,0.9623712301254272,0.9670057892799377,0.9594534635543823,0.9623712301254272,0,0.0,0.0
2022-09-28 00:00:00+01:00,0.9596191644668579,0.9686262011528015,0.954016387462616,0.9596191644668579,0,0.0,0.0
2022-09-29 00:00:00+01:00,0.9708172082901001,0.9787322282791138,0.9638276100158691,0.9708172082901001,0,0.0,0.0
2022-09-30 00:00:00+01:00,0.9829555749893188,0.9849985241889954,0.9736055731773376,0.9829555749893188,0,0.0,0.0
2022-10-03 00:00:00+01:00,0.9792688488960266,0.9844263195991516,0.9753623604774475,0.9792688488960266,0,0.0,0.0
2022-10-04 00:00:00+01:00,0.9832068681716919,0.998013973236084,0.9806710481643677,0.9832068681716919,0,0.0,0.0
2022-10-05 00:00:00+01:00,0.998432457447052,0.9994204044342041,0.9835453629493713,0.998432457447052,0,0.0,0.0
2022-10-06 00:00:00+01:00,0.9910998940467834,0.9926347136497498,0.9789333343505859,0.9910998940467834,0,0.0,0.0
2022-10-07 00:00:00+01:00,0.9789045453071594,0.9816046953201294,0.9731696844100952,0.9789045453071594,0,0.0,0.0
2022-10-10 00:00:00+01:00,0.9735012650489807,0.9752291440963745,0.96825110912323,0.9735012650489807,0,0.0,0.0
2022-10-11 00:00:00+01:00,0.9710057377815247,0.975809633731842,0.9673987030982971,0.9710057377815247,0,0.0,0.0
2022-10-12 00:00:00+01:00,0.9700167775154114,0.9733022451400757,0.9669683575630188,0.9700167775154114,0,0.0,0.0
2022-10-13 00:00:00+01:00,0.9707984328269958,0.979508638381958,0.9635953307151794,0.9707984328269958,0,0.0,0.0
2022-10-14 00:00:00+01:00,0.975134015083313,0.9803825616836548,0.9709492325782776,0.975134015083313,0,0.0,0.0
2022-10-17 00:00:00+01:00,0.973937451839447,0.9847074747085571,0.9724504947662354,0.973937451839447,0,0.0,0.0
2022-10-18 00:00:00+01:00,0.9846396446228027,0.9873617887496948,0.9814602136611938,0.9846396446228027,0,0.0,0.0
2022-10-19 00:00:00+01:00,0.9863878488540649,0.9866993427276611,0.9760192036628723,0.9863878488540649,0,0.0,0.0
2022-10-20 00:00:00+01:00,0.9766482710838318,0.9845135807991028,0.9755526185035706,0.9766482710838318,0,0.0,0.0
2022-10-21 00:00:00+01:00,0.9778899550437927,0.9856975078582764,0.9707323908805847,0.9778899550437927,0,0.0,0.0
2022-10-24 00:00:00+01:00,0.9860085844993591,0.9889631271362305,0.9808922410011292,0.9860085844993591,0,0.0,0.0
2022-10-25 00:00:00+01:00,0.9886503219604492,0.9975360631942749,0.9852216839790344,0.9886503219604492,0,0.0,0.0
2022-10-26 00:00:00+01:00,0.9963731169700623,1.0080543756484985,0.9944608211517334,0.9963731169700623,0,0.0,0.0
2022-10-27 00:00:00+01:00,1.009193778038025,1.0094891786575317,0.9976455569267273,1.009193778038025,0,0.0,0.0
2022-10-28 00:00:00+01:00,0.9967803955078125,0.9998999834060669,0.9931473135948181,0.9967803955078125,0,0.0,0.0
2022-10-31 00:00:00+00:00,0.9955002665519714,0.9968101382255554,0.9873520135879517,0.9955002665519714,0,0.0,0.0
2022-11-01 00:00:00+00:00,0.9886307716369629,0.9951634407043457,0.9862127304077148,0.9886307716369629,0,0.0,0.0
2022-11-02 00:00:00+00:00,0.9877909421920776,0.9913553595542908,0.9867576956748962,0.9877909421920776,0,0.0,0.0
2022-11-03 00:00:00+00:00,0.9814409017562866,0.9839614629745483,0.9731224179267883,0.9814409017562866,0,0.0,0.0
2022-11-04 00:00:00+00:00,0.9749630093574524,0.993818461894989,0.9748489260673523,0.9749630093574524,0,0.0,0.0
2022-11-07 00:00:00+00:00,0.9928810596466064,1.0005003213882446,0.9919454455375671,0.9928810596466064,0,0.0,0.0
2022-11-08 00:00:00+00:00,1.0018634796142578,1.0094178915023804,0.9976056814193726,1.0018634796142578,0,0.0,0.0
2022-11-09 00:00:00+00:00,1.008084774017334,1.0088781118392944,1.0012515783309937,1.008084774017334,0,0.0,0.0
2022-11-10 00:00:00+00:00,1.0019538402557373,1.018298864364624,0.9937788844108582,1.0019538402557373,0,0.0,0.0
2022-11-11 00:00:00+00:00,1.0192224979400635,1.0338374376296997,1.016621708869934,1.0192224979400635,0,0.0,0.0
2022-11-14 00:00:00+00:00,1.0328551530838013,1.0350252389907837,1.0273585319519043,1.0328551530838013,0,0.0,0.0
2022-11-15 00:00:00+00:00,1.0319278240203857,1.0475481748580933,1.031385064125061,1.0319278240203857,0,0.0,0.0
2022-11-16 00:00:00+00:00,1.0357863903045654,1.0437324047088623,1.0336451530456543,1.0357863903045654,0,0.0,0.0
2022-11-17 00:00:00+00:00,1.0395010709762573,1.040571928024292,1.0309491157531738,1.0395010709762573,0,0.0,0.0
2022-11-18 00:00:00+00:00,1.036172866821289,1.0395874977111816,1.0328017473220825,1.036172866821289,0,0.0,0.0
2022-11-21 00:00:00+00:00,1.0330898761749268,1.0333247184753418,1.022704005241394,1.0330898761749268,0,0.0,0.0
2022-11-22 00:00:00+00:00,1.0245691537857056,1.0290182828903198,1.0243382453918457,1.0245691537857056,0,0.0,0.0
2022-11-23 00:00:00+00:00,1.0311086177825928,1.0382059812545776,1.0298130512237549,1.0311086177825928,0,0.0,0.0
2022-11-24 00:00:00+00:00,1.0416233539581299,1.0448229312896729,1.0383676290512085,1.0416233539581299,0,0.0,0.0
2022-11-25 00:00:00+00:00,1.040810227394104,1.0429050922393799,1.0356147289276123,1.040810227394104,0,0.0,0.0
2022-11-28 00:00:00+00:00,1.0367528200149536,1.0496704578399658,1.0342438220977783,1.0367528200149536,0,0.0,0.0
2022-11-29 00:00:00+00:00,1.034554123878479,1.039414644241333,1.032545804977417,1.034554123878479,0,0.0,0.0
2022-11-30 00:00:00+00:00,1.0324499607086182,1.0394577980041504,1.0292301177978516,1.0324499607086182,0,0.0,0.0
2022-12-01 00:00:00+00:00,1.042535424232483,1.053141474723816,1.0397928953170776,1.042535424232483,0,0.0,0.0
2022-12-02 00:00:00+00:00,1.052842140197754,1.0545185804367065,1.0434166193008423,1.052842140197754,0,0.0,0.0
2022-12-05 00:00:00+00:00,1.0544185638427734,1.0594117641448975,1.0492409467697144,1.0544185638427734,0,0.0,0.0
2022-12-06 00:00:00+00:00,1.0496923923492432,1.0532081127166748,1.0477018356323242,1.0496923923492432,0,0.0,0.0
2022-12-07 00:00:00+00:00,1.0469011068344116,1.0546187162399292,1.0443755388259888,1.0469011068344116,0,0.0,0.0
2022-12-08 00:00:00+00:00,1.051325798034668,1.0563119649887085,1.049163818359375,1.051325798034668,0,0.0,0.0
2022-12-09 00:00:00+00:00,1.0559661388397217,1.0588396787643433,1.0520004034042358,1.0559661388397217,0,0.0,0.0
2022-12-12 00:00:00+00:00,1.0522217750549316,1.0579211711883545,1.0507071018218994,1.0522217750549316,0,0.0,0.0
2022-12-13 00:00:00+00:00,1.0541739463806152,1.066894292831421,1.0529308319091797,1.0541739463806152,0,0.0,0.0
2022-12-14 00:00:00+00:00,1.062665343284607,1.0669853687286377,1.0620108842849731,1.062665343284607,0,0.0,0.0
2022-12-15 00:00:00+00:00,1.0676347017288208,1.0725586414337158,1.0607378482818604,1.0676347017288208,0,0.0,0.0
2022-12-16 00:00:00+00:00,1.064056158065796,1.0663254261016846,1.0599396228790283,1.064056158065796,0,0.0,0.0
2022-12-19 00:00:00+00:00,1.05850350856781,1.0659003257751465,1.0577198266983032,1.05850350856781,0,0.0,0.0
2022-12-20 00:00:00+00:00,1.0614584684371948,1.065552830696106,1.058066725730896,1.0614584684371948,0,0.0,0.0
2022-12-21 00:00:00+00:00,1.062699317932129,1.0643506050109863,1.0597037076950073,1.062699317932129,0,0.0,0.0
2022-12-22 00:00:00+00:00,1.0610079765319824,1.0657458305358887,1.05840265750885,1.0610079765319824,0,0.0,0.0
2022-12-23 00:00:00+00:00,1.060333013534546,1.063117265701294,1.0587948560714722,1.060333013534546,0,0.0,0.0
2022-12-26 00:00:00+00:00,1.0667804479599,1.0637166500091553,1.060895323753357,1.0667804479599,0,0.0,0.0
2022-12-27 00:00:00+00:00,1.064022183418274,1.0668998956680298,1.0612443685531616,1.064022183418274,0,0.0,0.0
2022-12-28 00:00:00+00:00,1.0637166500091553,1.067429542541504,1.0613908767700195,1.0637166500091553,0,0.0,0.0
2022-12-29 00:00:00+00:00,1.062925100326538,1.0670194625854492,1.0612331628799438,1.062925100326538,0,0.0,0.0
2022-12-30 00:00:00+00:00,1.066075325012207,1.0697933435440063,1.0639203786849976,1.066075325012207,0,0.0,0.0
2023-01-02 00:00:00+00:00,1.0709733963012695,1.071237325668335,1.0653257369995117,1.0709733963012695,0,0.0,0.0
2023-01-03 00:00:00+00:00,1.0677714347839355,1.068261981010437,1.0521553754806519,1.0677714347839355,0,0.0,0.0
2023-01-04 00:00:00+00:00,1.0546854734420776,1.063151240348816,1.0545964241027832,1.0546854734420776,0,0.0,0.0
2023-01-05 00:00:00+00:00,1.0606365203857422,1.06326425075531,1.0515578985214233,1.0606365203857422,0,0.0,0.0
2023-01-06 00:00:00+00:00,1.0522217750549316,1.062225103378296,1.0485258102416992,1.0522217750549316,0,0.0,0.0
2023-01-09 00:00:00+00:00,1.0656323432922363,1.0759514570236206,1.0652804374694824,1.0656323432922363,0,0.0,0.0
2023-01-10 00:00:00+00:00,1.073318362236023,1.0756852626800537,1.0713175535202026,1.073318362236023,0,0.0,0.0
2023-01-11 00:00:00+00:00,1.0738946199417114,1.077470064163208,1.0726851224899292,1.0738946199417114,0,0.0,0.0
2023-01-12 00:00:00+00:00,1.0766000747680664,1.0838346481323242,1.0738024711608887,1.0766000747680664,0,0.0,0.0
2023-01-13 00:00:00+00:00,1.0860239267349243,1.0867793560028076,1.0780625343322754,1.0860239267349243,0,0.0,0.0
2023-01-16 00:00:00+00:00,1.082461953163147,1.0875475406646729,1.080263614654541,1.082461953163147,0,0.0,0.0
2023-01-17 00:00:00+00:00,1.0830129384994507,1.086909294128418,1.0787020921707153,1.0830129384994507,0,0.0,0.0
2023-01-18 00:00:00+00:00,1.0793308019638062,1.0884472131729126,1.0767043828964233,1.0793308019638062,0,0.0,0.0
2023-01-19 00:00:00+00:00,1.0797853469848633,1.0833063125610352,1.0782949924468994,1.0797853469848633,0,0.0,0.0
2023-01-20 00:00:00+00:00,1.083388328552246,1.0856584310531616,1.0804619789123535,1.083388328552246,0,0.0,0.0
2023-01-23 00:00:00+00:00,1.0864723920822144,1.0919533967971802,1.0847516059875488,1.086507797241211,0,0.0,0.0
2023-01-24 00:00:00+00:00,1.0874292850494385,1.089680790901184,1.0839285850524902,1.0874292850494385,0,0.0,0.0
2023-01-25 00:00:00+00:00,1.088814616203308,1.0922634601593018,1.0858116149902344,1.088814616203308,0,0.0,0.0
2023-01-26 00:00:00+00:00,1.0922038555145264,1.0932546854019165,1.0851635932922363,1.0922038555145264,0,0.0,0.0
2023-01-27 00:00:00+00:00,1.0894432067871094,1.0901559591293335,1.0838816165924072,1.0894432067871094,0,0.0,0.0
2023-01-30 00:00:00+00:00,1.0871455669403076,1.0915005207061768,1.0854581594467163,1.0871455669403076,0,0.0,0.0
2023-01-31 00:00:00+00:00,1.0850694179534912,1.0868383646011353,1.0804152488708496,1.0850694179534912,0,0.0,0.0
2023-02-01 00:00:00+00:00,1.0860947370529175,1.092442512512207,1.085293173789978,1.0860947370529175,0,0.0,0.0
2023-02-02 00:00:00+00:00,1.1012852191925049,1.102657437324524,1.088767170906067,1.1012852191925049,0,0.0,0.0
2023-02-03 00:00:00+00:00,1.0905125141143799,1.094067931175232,1.0811045169830322,1.0905125141143799,0,0.0,0.0
2023-02-06 00:00:00+00:00,1.079086184501648,1.0800302028656006,1.0718343257904053,1.079086184501648,0,0.0,0.0
2023-02-07 00:00:00+00:00,1.0730764865875244,1.0745997428894043,1.0669511556625366,1.0730764865875244,0,0.0,0.0
2023-02-08 00:00:00+00:00,1.0729728937149048,1.0760208368301392,1.0716849565505981,1.0729728937149048,0,0.0,0.0
2023-02-09 00:00:00+00:00,1.0715816020965576,1.0790396928787231,1.0711569786071777,1.0715816020965576,0,0.0,0.0
2023-02-10 00:00:00+00:00,1.0742292404174805,1.0751763582229614,1.0669283866882324,1.0742292404174805,0,0.0,0.0
2023-02-13 00:00:00+00:00,1.0677714347839355,1.0725010633468628,1.065723180770874,1.0677714347839355,0,0.0,0.0
2023-02-14 00:00:00+00:00,1.0730419158935547,1.0798436403274536,1.0709964036941528,1.0730419158935547,0,0.0,0.0
2023-02-15 00:00:00+00:00,1.0735719203948975,1.0744600296020508,1.0665984153747559,1.0735719203948975,0,0.0,0.0
2023-02-16 00:00:00+00:00,1.0691757202148438,1.0722250938415527,1.0655754804611206,1.0691757202148438,0,0.0,0.0
2023-02-17 00:00:00+00:00,1.0665756464004517,1.0681477785110474,1.0613795518875122,1.0665756464004517,0,0.0,0.0
2023-02-20 00:00:00+00:00,1.0684444904327393,1.0705492496490479,1.0671560764312744,1.0684444904327393,0,0.0,0.0
2023-02-21 00:00:00+00:00,1.068261981010437,1.0695644617080688,1.0644866228103638,1.068261981010437,0,0.0,0.0
2023-02-22 00:00:00+00:00,1.065200924873352,1.0665528774261475,1.0619093179702759,1.065200924873352,0,0.0,0.0
2023-02-23 00:00:00+00:00,1.0605803728103638,1.0630381107330322,1.0582010746002197,1.0605803728103638,0,0.0,0.0
2023-02-24 00:00:00+00:00,1.0598047971725464,1.0614246129989624,1.053774118423462,1.0598047971725464,0,0.0,0.0
2023-02-27 00:00:00+00:00,1.0554758310317993,1.0618642568588257,1.0533522367477417,1.0554758310317993,0,0.0,0.0
2023-02-28 00:00:00+00:00,1.0611205101013184,1.0645002126693726,1.058234691619873,1.0611205101013184,0,0.0,0.0
2023-03-01 00:00:00+00:00,1.0577309131622314,1.0691070556640625,1.0565686225891113,1.0577309131622314,0,0.0,0.0
2023-03-02 00:00:00+00:00,1.066894292831421,1.067270040512085,1.0583466291427612,1.066894292831421,0,0.0,0.0
2023-03-03 00:00:00+00:00,1.0599732398986816,1.062925100326538,1.0591312646865845,1.0599732398986816,0,0.0,0.0
2023-03-06 00:00:00+00:00,1.0626201629638672,1.0693814754486084,1.062304139137268,1.0626201629638672,0,0.0,0.0
2023-03-07 00:00:00+00:00,1.0688328742980957,1.06963312625885,1.0571606159210205,1.0688328742980957,0,0.0,0.0
2023-03-08 00:00:00+00:00,1.05507493019104,1.0573283433914185,1.0526647567749023,1.05507493019104,0,0.0,0.0
2023-03-09 00:00:00+00:00,1.0549525022506714,1.0586491823196411,1.053851842880249,1.0549525022506714,0,0.0,0.0
2023-03-10 00:00:00+00:00,1.0584698915481567,1.0698620080947876,1.0575743913650513,1.0584698915481567,0,0.0,0.0
2023-03-13 00:00:00+00:00,1.0683646202087402,1.0737217664718628,1.0652350187301636,1.0683646202087402,0,0.0,0.0
2023-03-14 00:00:00+00:00,1.0725010633468628,1.0747140645980835,1.0679652690887451,1.0725010633468628,0,0.0,0.0
2023-03-15 00:00:00+00:00,1.0727657079696655,1.0760092735290527,1.052033543586731,1.0727657079696655,0,0.0,0.0
2023-03-16 00:00:00+00:00,1.0583354234695435,1.063456416130066,1.0555092096328735,1.0583354234695435,0,0.0,0.0
2023-03-17 00:00:00+00:00,1.0614134073257446,1.0669625997543335,1.0612106323242188,1.0614134073257446,0,0.0,0.0
2023-03-20 00:00:00+00:00,1.0678855180740356,1.0730534791946411,1.0632416009902954,1.0678855180740356,0,0.0,0.0
2023-03-21 00:00:00+00:00,1.071914792060852,1.0787253379821777,1.070491909980774,1.071914792060852,0,0.0,0.0
2023-03-22 00:00:00+00:00,1.0774236917495728,1.0801469087600708,1.0759514570236206,1.0774236917495728,0,0.0,0.0
2023-03-23 00:00:00+00:00,1.0870392322540283,1.0928997993469238,1.0868619680404663,1.0870392322540283,0,0.0,0.0
2023-03-24 00:00:00+00:00,1.0835057497024536,1.0839003324508667,1.0718917846679688,1.0835057497024536,0,0.0,0.0
2023-03-27 00:00:00+01:00,1.077818512916565,1.0795999765396118,1.074806571006775,1.077818512916565,0,0.0,0.0
2023-03-28 00:00:00+01:00,1.0807071924209595,1.08489990234375,1.0804035663604736,1.0807071924209595,0,0.0,0.0
2023-03-29 00:00:00+01:00,1.0839520692825317,1.0871999263763428,1.0821340084075928,1.0839520692825317,0,0.0,0.0
2023-03-30 00:00:00+01:00,1.0843634605407715,1.0923947095870972,1.0826963186264038,1.0843634605407715,0,0.0,0.0
2023-03-31 00:00:00+01:00,1.0904649496078491,1.0925856828689575,1.086059331893921,1.0904649496078491,0,0.0,0.0
2023-04-03 00:00:00+01:00,1.0803335905075073,1.0915720462799072,1.078934907913208,1.0803335905075073,0,0.0,0.0
2023-04-04 00:00:00+01:00,1.091226577758789,1.0971648693084717,1.0883879661560059,1.091226577758789,0,0.0,0.0
2023-04-05 00:00:00+01:00,1.0960105657577515,1.0969241857528687,1.0905362367630005,1.0960105657577515,0,0.0,0.0
2023-04-06 00:00:00+01:00,1.090334177017212,1.0930156707763672,1.0885539054870605,1.090334177017212,0,0.0,0.0
2023-04-07 00:00:00+01:00,1.0920130014419556,1.0925379991531372,1.0881037712097168,1.0920130014419556,0,0.0,0.0
2023-04-10 00:00:00+01:00,1.0913575887680054,1.0918222665786743,1.0832475423812866,1.0913575887680054,0,0.0,0.0
2023-04-11 00:00:00+01:00,1.086932897567749,1.0926692485809326,1.0868029594421387,1.086932897567749,0,0.0,0.0
2023-04-12 00:00:00+01:00,1.0917507410049438,1.099855899810791,1.091524362564087,1.0917507410049438,0,0.0,0.0
2023-04-13 00:00:00+01:00,1.0999890565872192,1.1068999767303467,1.0981649160385132,1.0999890565872192,0,0.0,0.0
2023-04-14 00:00:00+01:00,1.1054610013961792,1.1075423955917358,1.0978032350540161,1.1054610013961792,0,0.0,0.0
2023-04-17 00:00:00+01:00,1.098659634590149,1.0999042987823486,1.0910717248916626,1.098659634590149,0,0.0,0.0
2023-04-18 00:00:00+01:00,1.0925379991531372,1.0983458757400513,1.0922753810882568,1.0925379991531372,0,0.0,0.0
2023-04-19 00:00:00+01:00,1.0975382328033447,1.098659634590149,1.0918341875076294,1.0975382328033447,0,0.0,0.0
2023-04-20 00:00:00+01:00,1.095218300819397,1.0989010334014893,1.0934339761734009,1.095218300819397,0,0.0,0.0
2023-04-21 00:00:00+01:00,1.0970927476882935,1.099251389503479,1.0939722061157227,1.0970927476882935,0,0.0,0.0
2023-04-24 00:00:00+01:00,1.0992271900177002,1.103423833847046,1.0968761444091797,1.0992271900177002,0,0.0,0.0
2023-04-25 00:00:00+01:00,1.1059499979019165,1.1068068742752075,1.0969241857528687,1.1059499979019165,0,0.0,0.0
2023-04-26 00:00:00+01:00,1.0978394746780396,1.109410047531128,1.0969241857528687,1.0978394746780396,0,0.0,0.0
2023-04-27 00:00:00+01:00,1.1047282218933105,1.1065618991851807,1.0994206666946411,1.1047282218933105,0,0.0,0.0
2023-04-28 00:00:00+01:00,1.1032048463821411,1.1043744087219238,1.0965633392333984,1.1032048463821411,0,0.0,0.0
2023-05-01 00:00:00+01:00,1.1010911464691162,1.103557825088501,1.0966956615447998,1.1010911464691162,0,0.0,0.0
2023-05-02 00:00:00+01:00,1.0969241857528687,1.1005216836929321,1.0943553447723389,1.0969241857528687,0,0.0,0.0
2023-05-03 00:00:00+01:00,1.1010911464691162,1.1058155298233032,1.100594401359558,1.1010911464691162,0,0.0,0.0
2023-05-04 00:00:00+01:00,1.1068925857543945,1.109139323234558,1.0986838340759277,1.1068925857543945,0,0.0,0.0
2023-05-05 00:00:00+01:00,1.102292776107788,1.1048002243041992,1.0971648693084717,1.102292776107788,0,0.0,0.0
2023-05-08 00:00:00+01:00,1.10186767578125,1.1053388118743896,1.1012487411499023,1.10186767578125,0,0.0,0.0
2023-05-09 00:00:00+01:00,1.0996140241622925,1.1001100540161133,1.0944032669067383,1.0996140241622925,0,0.0,0.0
2023-05-10 00:00:00+01:00,1.096467137336731,1.100473165512085,1.0942834615707397,1.096467137336731,0,0.0,0.0
2023-05-11 00:00:00+01:00,1.098406195640564,1.0998680591583252,1.0901321172714233,1.098406195640564,0,0.0,0.0
2023-05-12 00:00:00+01:00,1.0912145376205444,1.0935176610946655,1.085564136505127,1.0912145376205444,0,0.0,0.0
2023-05-15 00:00:00+01:00,1.0852696895599365,1.0892059803009033,1.0848575830459595,1.0852696895599365,0,0.0,0.0
2023-05-16 00:00:00+01:00,1.0873701572418213,1.090358018875122,1.0856702327728271,1.0873701572418213,0,0.0,0.0
2023-05-17 00:00:00+01:00,1.0865668058395386,1.0875475406646729,1.081162929534912,1.0865668058395386,0,0.0,0.0
2023-05-18 00:00:00+01:00,1.0838346481323242,1.0849517583847046,1.0765421390533447,1.0838346481323242,0,0.0,0.0
2023-05-19 00:00:00+01:00,1.0775396823883057,1.082391619682312,1.0761018991470337,1.0775396823883057,0,0.0,0.0
2023-05-22 00:00:00+01:00,1.0822745561599731,1.0830715894699097,1.0796570777893066,1.0822745561599731,0,0.0,0.0
2023-05-23 00:00:00+01:00,1.0811045169830322,1.0821340084075928,1.0763798952102661,1.0811045169830322,0,0.0,0.0
2023-05-24 00:00:00+01:00,1.076971173286438,1.0799369812011719,1.0749683380126953,1.076971173286438,0,0.0,0.0
2023-05-25 00:00:00+01:00,1.0757315158843994,1.0754191875457764,1.0709964036941528,1.0757315158843994,0,0.0,0.0
2023-05-26 00:00:00+01:00,1.0724436044692993,1.0757546424865723,1.0702054500579834,1.0724436044692993,0,0.0,0.0
2023-05-29 00:00:00+01:00,1.0723055601119995,1.0745755434036255,1.0706294775009155,1.0723055601119995,0,0.0,0.0
2023-05-30 00:00:00+01:00,1.0707669258117676,1.0745755434036255,1.067338466644287,1.0707669258117676,0,0.0,0.0
2023-05-31 00:00:00+01:00,1.073306918144226,1.0738831758499146,1.06516695022583,1.073306918144226,0,0.0,0.0
2023-06-01 00:00:00+01:00,1.0695186853408813,1.0753995180130005,1.0664163827896118,1.0695186853408813,0,0.0,0.0
2023-06-02 00:00:00+01:00,1.0760787725448608,1.077934741973877,1.071811318397522,1.0760787725448608,0,0.0,0.0
2023-06-05 00:00:00+01:00,1.0698620080947876,1.0722709894180298,1.0674750804901123,1.0698620080947876,0,0.0,0.0
2023-06-06 00:00:00+01:00,1.0711798667907715,1.073306918144226,1.0667349100112915,1.0711798667907715,0,0.0,0.0
2023-06-07 00:00:00+01:00,1.0698047876358032,1.074021577835083,1.0668829679489136,1.0698047876358032,0,0.0,0.0
2023-06-08 00:00:00+01:00,1.0707440376281738,1.078283429145813,1.0702168941497803,1.0707440376281738,0,0.0,0.0
2023-06-09 00:00:00+01:00,1.078271746635437,1.0787487030029297,1.0747718811035156,1.078271746635437,0,0.0,0.0
2023-06-12 00:00:00+01:00,1.0750954151153564,1.0789697170257568,1.073433518409729,1.0750954151153564,0,0.0,0.0
2023-06-13 00:00:00+01:00,1.0762988328933716,1.0822510719299316,1.076055645942688,1.0762988328933716,0,0.0,0.0
2023-06-14 00:00:00+01:00,1.078934907913208,1.085835337638855,1.077574610710144,1.078934907913208,0,0.0,0.0
2023-06-15 00:00:00+01:00,1.084304690361023,1.0938525199890137,1.0804269313812256,1.084304690361023,0,0.0,0.0
2023-06-16 00:00:00+01:00,1.0945948362350464,1.0970999002456665,1.0920130014419556,1.0945948362350464,0,0.0,0.0
2023-06-19 00:00:00+01:00,1.0942115783691406,1.0949305295944214,1.0911003351211548,1.0942115783691406,0,0.0,0.0
2023-06-20 00:00:00+01:00,1.0924304723739624,1.0945229530334473,1.0894551277160645,1.0924304723739624,0,0.0,0.0
2023-06-21 00:00:00+01:00,1.0920368432998657,1.0961307287216187,1.0906671285629272,1.0920368432998657,0,0.0,0.0
2023-06-22 00:00:00+01:00,1.0992635488510132,1.1011154651641846,1.095110297203064,1.0992635488510132,0,0.0,0.0
2023-06-23 00:00:00+01:00,1.0958904027938843,1.0958904027938843,1.0845046043395996,1.0958904027938843,0,0.0,0.0
2023-06-26 00:00:00+01:00,1.0906671285629272,1.0921800136566162,1.088814616203308,1.0906671285629272,0,0.0,0.0
2023-06-27 00:00:00+01:00,1.091048002243042,1.0976104736328125,1.0903223752975464,1.091048002243042,0,0.0,0.0
2023-06-28 00:00:00+01:00,1.0957223176956177,1.0962508916854858,1.0899657011032104,1.0957223176956177,0,0.0,0.0
2023-06-29 00:00:00+01:00,1.0915838479995728,1.094067931175232,1.0862362384796143,1.0915838479995728,0,0.0,0.0
2023-06-30 00:00:00+01:00,1.0868029594421387,1.0933741331100464,1.0836466550827026,1.0868029594421387,0,0.0,0.0
2023-07-03 00:00:00+01:00,1.0907504558563232,1.093135118484497,1.0871810913085938,1.0907504558563232,0,0.0,0.0
2023-07-04 00:00:00+01:00,1.091309905052185,1.0918222665786743,1.0890754461288452,1.091309905052185,0,0.0,0.0
2023-07-05 00:00:00+01:00,1.0884946584701538,1.0906195640563965,1.086507797241211,1.0884946584701538,0,0.0,0.0
2023-07-06 00:00:00+01:00,1.0856584310531616,1.0901559591293335,1.083435297012329,1.0856584310531616,0,0.0,0.0
2023-07-07 00:00:00+01:00,1.0890636444091797,1.096467137336731,1.0868619680404663,1.0890636444091797,0,0.0,0.0
2023-07-10 00:00:00+01:00,1.0969723463058472,1.0992755889892578,1.0944511890411377,1.0969723463058472,0,0.0,0.0
2023-07-11 00:00:00+01:00,1.100594401359558,1.1025601625442505,1.0978635549545288,1.100594401359558,0,0.0,0.0
2023-07-12 00:00:00+01:00,1.101406455039978,1.1125946044921875,1.1012852191925049,1.101406455039978,0,0.0,0.0
2023-07-13 00:00:00+01:00,1.1144545078277588,1.1196202039718628,1.113065242767334,1.1144545078277588,0,0.0,0.0
2023-07-14 00:00:00+01:00,1.1223469972610474,1.12447988986969,1.1206114292144775,1.1223469972610474,0,0.0,0.0
2023-07-17 00:00:00+01:00,1.1227755546569824,1.125112533569336,1.1205486059188843,1.1227755546569824,0,0.0,0.0
2023-07-18 00:00:00+01:00,1.1237596273422241,1.1275737285614014,1.1220070123672485,1.1237596273422241,0,0.0,0.0
2023-07-19 00:00:00+01:00,1.1228890419006348,1.123974323272705,1.1176306009292603,1.1228890419006348,0,0.0,0.0
2023-07-20 00:00:00+01:00,1.120523452758789,1.12296462059021,1.1133129596710205,1.120523452758789,0,0.0,0.0
2023-07-21 00:00:00+01:00,1.113709807395935,1.1147029399871826,1.110962986946106,1.113709807395935,0,0.0,0.0
2023-07-24 00:00:00+01:00,1.112532615661621,1.114504098892212,1.1068804264068604,1.112532615661621,0,0.0,0.0
2023-07-25 00:00:00+01:00,1.1063170433044434,1.1088933944702148,1.1022076606750488,1.1063170433044434,0,0.0,0.0
2023-07-26 00:00:00+01:00,1.1050456762313843,1.1086474657058716,1.1038380861282349,1.1050456762313843,0,0.0,0.0
2023-07-27 00:00:00+01:00,1.1078368425369263,1.115200161933899,1.0984907150268555,1.1078368425369263,0,0.0,0.0
2023-07-28 00:00:00+01:00,1.0978755950927734,1.1046794652938843,1.0947027206420898,1.0978755950927734,0,0.0,0.0
2023-07-31 00:00:00+01:00,1.1024264097213745,1.1045451164245605,1.100618600845337,1.1024264097213745,0,0.0,0.0
2023-08-01 00:00:00+01:00,1.0997591018676758,1.1002310514450073,1.095446228981018,1.0997591018676758,0,0.0,0.0
2023-08-02 00:00:00+01:00,1.1007881164550781,1.1007033586502075,1.0919772386550903,1.1007881164550781,0,0.0,0.0
2023-08-03 00:00:00+01:00,1.0944151878356934,1.0953983068466187,1.0913575887680054,1.0944151878356934,0,0.0,0.0
2023-08-04 00:00:00+01:00,1.095158338546753,1.1040940284729004,1.0936251878738403,1.095158338546753,0,0.0,0.0
2023-08-07 00:00:00+01:00,1.1002674102783203,1.1012003421783447,1.096611499786377,1.1002674102783203,0,0.0,0.0
2023-08-08 00:00:00+01:00,1.100315809249878,1.1009820699691772,1.0930992364883423,1.100315809249878,0,0.0,0.0
2023-08-09 00:00:00+01:00,1.0958904027938843,1.0994327068328857,1.0955902338027954,1.0958904027938843,0,0.0,0.0
2023-08-10 00:00:00+01:00,1.0977671146392822,1.1058399677276611,1.096803903579712,1.0977671146392822,0,0.0,0.0
2023-08-11 00:00:00+01:00,1.0981649160385132,1.1004369258880615,1.0951822996139526,1.0981649160385132,0,0.0,0.0
2023-08-14 00:00:00+01:00,1.094439148902893,1.0960345268249512,1.087748646736145,1.094439148902893,0,0.0,0.0
2023-08-15 00:00:00+01:00,1.0909883975982666,1.0949664115905762,1.0900845527648926,1.0909883975982666,0,0.0,0.0
2023-08-16 00:00:00+01:00,1.0904173851013184,1.0934697389602661,1.0897756814956665,1.0904173851013184,0,0.0,0.0
2023-08-17 00:00:00+01:00,1.0874884128570557,1.0917268991470337,1.0862362384796143,1.0874884128570557,0,0.0,0.0
2023-08-18 00:00:00+01:00,1.0874648094177246,1.089561939239502,1.0846457481384277,1.0874648094177246,0,0.0,0.0
2023-08-21 00:00:00+01:00,1.087559461593628,1.0913575887680054,1.0870628356933594,1.087559461593628,0,0.0,0.0
2023-08-22 00:00:00+01:00,1.0898351669311523,1.093199610710144,1.0834001302719116,1.0898351669311523,0,0.0,0.0
2023-08-23 00:00:00+01:00,1.0846692323684692,1.0870510339736938,1.0802985429763794,1.0846692323684692,0,0.0,0.0
2023-08-24 00:00:00+01:00,1.086578607559204,1.0876895189285278,1.081548810005188,1.086578607559204,0,0.0,0.0
2023-08-25 00:00:00+01:00,1.07991361618042,1.0839755535125732,1.076669692993164,1.07991361618042,0,0.0,0.0
2023-08-28 00:00:00+01:00,1.0797386169433594,1.0821340084075928,1.0799369812011719,1.0797386169433594,0,0.0,0.0
2023-08-29 00:00:00+01:00,1.0825556516647339,1.0856702327728271,1.0783531665802002,1.0825556516647339,0,0.0,0.0
2023-08-30 00:00:00+01:00,1.0869210958480835,1.094546914100647,1.085611343383789,1.0869210958480835,0,0.0,0.0
2023-08-31 00:00:00+01:00,1.0932546854019165,1.0939722061157227,1.0837171077728271,1.0932546854019165,0,0.0,0.0
2023-09-01 00:00:00+01:00,1.0844104290008545,1.0880801677703857,1.0785857439041138,1.0844104290008545,0,0.0,0.0
2023-09-04 00:00:00+01:00,1.07758629322052,1.080905795097351,1.0774004459381104,1.07758629322052,0,0.0,0.0
2023-09-05 00:00:00+01:00,1.0794472694396973,1.07991361618042,1.0707554817199707,1.0794472694396973,0,0.0,0.0
2023-09-06 00:00:00+01:00,1.0726161003112793,1.0748181343078613,1.0705147981643677,1.0726161003112793,0,0.0,0.0
2023-09-07 00:00:00+01:00,1.0724204778671265,1.0734220743179321,1.068764328956604,1.0724204778671265,0,0.0,0.0
2023-09-08 00:00:00+01:00,1.0697818994522095,1.0742061138153076,1.0695072412490845,1.0697818994522095,0,0.0,0.0
2023-09-11 00:00:00+01:00,1.071811318397522,1.0756852626800537,1.0711455345153809,1.071811318397522,0,0.0,0.0
2023-09-12 00:00:00+01:00,1.0750375986099243,1.0762641429901123,1.070617914199829,1.0750375986099243,0,0.0,0.0
2023-09-13 00:00:00+01:00,1.075326681137085,1.0765421390533447,1.0717424154281616,1.075326681137085,0,0.0,0.0
2023-09-14 00:00:00+01:00,1.0734220743179321,1.0755001306533813,1.065507411956787,1.0734220743179321,0,0.0,0.0
2023-09-15 00:00:00+01:00,1.0637166500091553,1.068764328956604,1.0634677410125732,1.0637166500091553,0,0.0,0.0
2023-09-18 00:00:00+01:00,1.0668259859085083,1.0698162317276,1.0656323432922363,1.0668259859085083,0,0.0,0.0
2023-09-19 00:00:00+01:00,1.0692671537399292,1.071926236152649,1.0676347017288208,1.0692671537399292,0,0.0,0.0
2023-09-20 00:00:00+01:00,1.0682048797607422,1.0726966857910156,1.0675777196884155,1.0682048797607422,0,0.0,0.0
2023-09-21 00:00:00+01:00,1.065303087234497,1.0673611164093018,1.0619093179702759,1.065303087234497,0,0.0,0.0
2023-09-22 00:00:00+01:00,1.0661548376083374,1.0671560764312744,1.0615260601043701,1.0661548376083374,0,0.0,0.0
2023-09-25 00:00:00+01:00,1.0648492574691772,1.0655415058135986,1.0577309131622314,1.0648492574691772,0,0.0,0.0
2023-09-26 00:00:00+01:00,1.0591648817062378,1.060895323753357,1.0568143129348755,1.0591648817062378,0,0.0,0.0
2023-09-27 00:00:00+01:00,1.0569483041763306,1.057373046875,1.0509058237075806,1.0569483041763306,0,0.0,0.0
2023-09-28 00:00:00+01:00,1.0505305528640747,1.0578652620315552,1.049185872077942,1.0505305528640747,0,0.0,0.0
2023-09-29 00:00:00+01:00,1.0562450885772705,1.0617965459823608,1.0558546781539917,1.0562450885772705,0,0.0,0.0
2023-10-02 00:00:00+01:00,1.0565240383148193,1.0590976476669312,1.0492738485336304,1.0565240383148193,0,0.0,0.0
2023-10-03 00:00:00+01:00,1.0480751991271973,1.049428105354309,1.0449867248535156,1.0480751991271973,0,0.0,0.0
2023-10-04 00:00:00+01:00,1.0472300052642822,1.0532413721084595,1.045369029045105,1.0472300052642822,0,0.0,0.0
2023-10-05 00:00:00+01:00,1.0507071018218994,1.0536853075027466,1.0500892400741577,1.0507071018218994,0,0.0,0.0
2023-10-06 00:00:00+01:00,1.0546631813049316,1.0598160028457642,1.0483938455581665,1.0546631813049316,0,0.0,0.0
2023-10-09 00:00:00+01:00,1.056747317314148,1.0576413869857788,1.0521442890167236,1.056747317314148,0,0.0,0.0
2023-10-10 00:00:00+01:00,1.0578875541687012,1.061954379081726,1.0555983781814575,1.0578875541687012,0,0.0,0.0
2023-10-11 00:00:00+01:00,1.0604791641235352,1.063354730606079,1.0592771768569946,1.0604791641235352,0,0.0,0.0
2023-10-12 00:00:00+01:00,1.0624282360076904,1.0639089345932007,1.0545964241027832,1.0624282360076904,0,0.0,0.0
2023-10-13 00:00:00+01:00,1.0536741018295288,1.0558546781539917,1.0496152639389038,1.0536741018295288,0,0.0,0.0
2023-10-16 00:00:00+01:00,1.0521553754806519,1.055464744567871,1.0516352653503418,1.0521553754806519,0,0.0,0.0
2023-10-17 00:00:00+01:00,1.0554312467575073,1.0595004558563232,1.0533411502838135,1.0554312467575073,0,0.0,0.0
2023-10-18 00:00:00+01:00,1.057305932044983,1.0595465898513794,1.0527091026306152,1.057305932044983,0,0.0,0.0
2023-10-19 00:00:00+01:00,1.053851842880249,1.0585371255874634,1.0528864860534668,1.053851842880249,0,0.0,0.0
2023-10-20 00:00:00+01:00,1.0586491823196411,1.0601080656051636,1.056579828262329,1.0586491823196411,0,0.0,0.0
2023-10-23 00:00:00+01:00,1.0589966773986816,1.064736008644104,1.057183027267456,1.0589966773986816,0,0.0,0.0
2023-10-24 00:00:00+01:00,1.0669853687286377,1.0690499544143677,1.0584250688552856,1.0669853687286377,0,0.0,0.0
2023-10-25 00:00:00+01:00,1.059535264968872,1.0606703758239746,1.0566803216934204,1.059535264968872,0,0.0,0.0
2023-10-26 00:00:00+01:00,1.056725025177002,1.0569707155227661,1.0526316165924072,1.056725025177002,0,0.0,0.0
2023-10-27 00:00:00+01:00,1.0564459562301636,1.0597710609436035,1.053629755973816,1.0564459562301636,0,0.0,0.0
2023-10-30 00:00:00+00:00,1.0562450885772705,1.0625998973846436,1.054841160774231,1.0562450885772705,0,0.0,0.0
2023-10-31 00:00:00+00:00,1.061503529548645,1.0669056177139282,1.0567585229873657,1.061503529548645,0,0.0,0.0
2023-11-01 00:00:00+00:00,1.0579099655151367,1.0580778121948242,1.0522881746292114,1.0579099655151367,0,0.0,0.0
2023-11-02 00:00:00+00:00,1.05870521068573,1.067008137702942,1.0584250688552856,1.05870521068573,0,0.0,0.0
2023-11-03 00:00:00+00:00,1.0619093179702759,1.0736998319625854,1.0615485906600952,1.0619093179702759,0,0.0,0.0
2023-11-06 00:00:00+00:00,1.0732147693634033,1.075700283050537,1.0723400115966797,1.0732147693634033,0,0.0,0.0
2023-11-07 00:00:00+00:00,1.0721560716629028,1.0721560716629028,1.0664732456207275,1.0721560716629028,0,0.0,0.0
2023-11-08 00:00:00+00:00,1.0696102380752563,1.071604609489441,1.0660640001296997,1.0696102380752563,0,0.0,0.0
2023-11-09 00:00:00+00:00,1.0710422992706299,1.0728002786636353,1.0681477785110474,1.0710422992706299,0,0.0,0.0
2023-11-10 00:00:00+00:00,1.0667576789855957,1.0692557096481323,1.0657685995101929,1.0667576789855957,0,0.0,0.0
2023-11-13 00:00:00+00:00,1.069015622138977,1.0705492496490479,1.0665528774261475,1.069015622138977,0,0.0,0.0
2023-11-14 00:00:00+00:00,1.0701825618743896,1.08672034740448,1.0693585872650146,1.0701825618743896,0,0.0,0.0
2023-11-15 00:00:00+00:00,1.0878314971923828,1.0887316465377808,1.0832945108413696,1.0878314971923828,0,0.0,0.0
2023-11-16 00:00:00+00:00,1.0854581594467163,1.0893957614898682,1.0830950736999512,1.0854581594467163,0,0.0,0.0
2023-11-17 00:00:00+00:00,1.0853756666183472,1.089229702949524,1.0825204849243164,1.0853756666183472,0,0.0,0.0
2023-11-20 00:00:00+00:00,1.090702772140503,1.0945110321044922,1.0897995233535767,1.090702772140503,0,0.0,0.0
2023-11-21 00:00:00+00:00,1.0945948362350464,1.0967316627502441,1.0922993421554565,1.0945948362350464,0,0.0,0.0
2023-11-22 00:00:00+00:00,1.0918222665786743,1.0922515392303467,1.0854581594467163,1.0918222665786743,0,0.0,0.0
2023-11-23 00:00:00+00:00,1.0890873670578003,1.0927051305770874,1.0888028144836426,1.0890873670578003,0,0.0,0.0
2023-11-24 00:00:00+00:00,1.0906314849853516,1.0944151878356934,1.089561939239502,1.0906314849853516,0,0.0,0.0
2023-11-27 00:00:00+00:00,1.0940439701080322,1.0959264039993286,1.0925856828689575,1.0940439701080322,0,0.0,0.0
2023-11-28 00:00:00+00:00,1.0958423614501953,1.1007153987884521,1.0935057401657104,1.0958423614501953,0,0.0,0.0
2023-11-29 00:00:00+00:00,1.100594401359558,1.1016855239868164,1.096118688583374,1.100594401359558,0,0.0,0.0
2023-11-30 00:00:00+00:00,1.0973695516586304,1.098538875579834,1.0894907712936401,1.0973695516586304,0,0.0,0.0
2023-12-01 00:00:00+00:00,1.0892059803009033,1.0913456678390503,1.0831537246704102,1.0892059803009033,0,0.0,0.0
2023-12-04 00:00:00+00:00,1.088814616203308,1.0887316465377808,1.0805671215057373,1.088814616203308,0,0.0,0.0
2023-12-05 00:00:00+00:00,1.0837758779525757,1.0848339796066284,1.078260064125061,1.0837758779525757,0,0.0,0.0
2023-12-06 00:00:00+00:00,1.0793657302856445,1.0803686380386353,1.0773192644119263,1.0793657302856445,0,0.0,0.0
2023-12-07 00:00:00+00:00,1.076669692993164,1.0796804428100586,1.0757662057876587,1.076669692993164,0,0.0,0.0
2023-12-08 00:00:00+00:00,1.079214334487915,1.0800535678863525,1.0731456279754639,1.079214334487915,0,0.0,0.0
2023-12-11 00:00:00+00:00,1.0765769481658936,1.077934741973877,1.0743216276168823,1.0765769481658936,0,0.0,0.0
2023-12-12 00:00:00+00:00,1.076658010482788,1.0822042226791382,1.0761829614639282,1.076658010482788,0,0.0,0.0
2023-12-13 00:00:00+00:00,1.0798670053482056,1.0808240175247192,1.0774004459381104,1.0798670053482056,0,0.0,0.0
2023-12-14 00:00:00+00:00,1.0886130332946777,1.1004126071929932,1.088020920753479,1.0886130332946777,0,0.0,0.0
2023-12-15 00:00:00+00:00,1.0993602275848389,1.100594401359558,1.0902271270751953,1.0993602275848389,0,0.0,0.0
2023-12-18 00:00:00+00:00,1.0895264148712158,1.0930036306381226,1.0894551277160645,1.0895264148712158,0,0.0,0.0
2023-12-19 00:00:00+00:00,1.092382788658142,1.098799705505371,1.091607689857483,1.092382788658142,0,0.0,0.0
2023-12-20 00:00:00+00:00,1.0981045961380005,1.09797203540802,1.0935654640197754,1.0981045961380005,0,0.0,0.0
2023-12-21 00:00:00+00:00,1.0945708751678467,1.099976897239685,1.0936251878738403,1.0945708751678467,0,0.0,0.0
2023-12-22 00:00:00+00:00,1.100618600845337,1.1040574312210083,1.0994206666946411,1.100618600845337,0,0.0,0.0
2023-12-25 00:00:00+00:00,1.102657437324524,1.1042402982711792,1.0999890565872192,1.102657437324524,0,0.0,0.0
2023-12-26 00:00:00+00:00,1.1020255088806152,1.1039965152740479,1.1009578704833984,1.1020255088806152,0,0.0,0.0
2023-12-27 00:00:00+00:00,1.1043012142181396,1.1122480630874634,1.1029249429702759,1.1043012142181396,0,0.0,0.0
2023-12-28 00:00:00+00:00,1.110864281654358,1.113945484161377,1.1071009635925293,1.110864281654358,0,0.0,0.0
2023-12-29 00:00:00+00:00,1.1068191528320312,1.1086474657058716,1.1043256521224976,1.1068191528320312,0,0.0,0.0
